tweet_id,writer,post_date,body,comment_num,retweet_num,like_num,polarity_spacy
1139611830840627200,GlobalInvestor5,2019-06-14,"Selling $TSLANew bearish views from top-ranked analysts post $2.7bn capital raise (all 3 WARNING re. future FUNDING DEFICIT)BofAMerrill: Sell pt$225JPMorgan: Sell pt$200MoStanley: Hold pt$230""Inability to turn corner & sustain cashflow""""No more self-funding vs a decade ago""",0,0,0,-0.125
1140606310813245440,AmericanBanking,2019-06-17,Apple $AAPL Lifted to “Overweight” at JPMorgan Chase & Co. http://americanbankingnews.com/?p=10889719 #stocks,0,0,0,0.0
1140656665378693120,MarketCurrents,2019-06-17,"$AAPL - JPMorgan snips Apple iPhone estimates, target",0,0,0,0.0
1140671529069535232,GlobalInvestor5,2019-06-17,"Selling $TSLANew bearish views from top-ranked analysts post $2.7bn capital raise (all 3 WARNING re. future FUNDING DEFICIT)BofAMerrill: Sell pt$225JPMorgan: Sell pt$200MStanley: Hold pt$230""Inability to turn corner & sustain cashflow""""No more self-funding vs a decade ago""",0,0,0,-0.125
1140678208133705728,TowelieTrades,2019-06-17,"$AAPL $SPY   JPMorgan snips Apple iPhone estimates, target",0,0,0,0.0
1140695874013663233,BWUIC,2019-06-17,"$AAPL - JPMorgan snips Apple iPhone estimates, target",0,0,0,0.0
1140701937475739653,MadMraket,2019-06-17,$AAPL  JPMorgan Chase & Co. UpgradesApple (AAPL)$194.40$235.00 ➝ $233.00Overweight,0,0,0,0.0
1141639164280152064,TickerReport,2019-06-20,Apple $AAPL Upgraded to Overweight at JPMorgan Chase & Co. http://tickerreport.com/?p=4382848,0,0,0,0.0
1141983842762416128,dakotafinancial,2019-06-21,JPMorgan Chase & Co. Upgrades Apple $AAPL to “Overweight” http://dakotafinancialnews.com/?p=1057520,0,0,0,0.0
1143847679237271553,iamtito_,2019-06-26,"$AAPL - European Press Roundup: Irish JPMorgan Subsidiary Fined, France Short of Emission Targets http://ih.advfn.com/stock-market/NASDAQ/AAPL/stock-news/European-Press-Roundup-Irish-JPMorgan-Subsidiary/80211669?adw=1126416…",0,0,0,0.0
1143847684945731586,VisualStockRSRC,2019-06-26,"$AAPL - European Press Roundup: Irish JPMorgan Subsidiary Fined, France Short of Emission Targets http://ih.advfn.com/stock-market/NASDAQ/AAPL/stock-news/European-Press-Roundup-Irish-JPMorgan-Subsidiary/80211669?adw=1126416…",0,0,0,0.0
1143847700246474752,ChrisGEllis,2019-06-26,"$AAPL - European Press Roundup: Irish JPMorgan Subsidiary Fined, France Short of Emission Targets",0,0,0,0.0
1144443081581838336,IBD_ECarson,2019-06-28,"Apple, JPMorgan Lead 5 Dow Stocks Moving Late On News https://investors.com/market-trend/stock-market-today/dow-jones-futures-apple-stock-boeing-nike-earnings-jpmorgan-goldman-sachs-move-late/… $aapl $ba $nke $jpm $gs",0,4,6,-0.3
1144486930265989120,JorelLaraKalel,2019-06-28,"Dow Jones Futures: Apple, JPMorgan Lead 5 Dow Stocks Moving Late On News $DIA http://bit.ly/2Lrc2Sk $AAPL $JPM $NKE $GS $BA @investors",0,0,0,-0.3
1146108149092556802,davidmoadel,2019-07-02,$SPX JPMorgan's Global Manufacturing PMI recently crashed to the lowest level since 2012 and contracted for the 2nd print in a row.   $SLV $GLD $QQQ $DJIA $DIA $SPY #stockmarket #commodities #investing #finance #stocks #gold #silver $FB $TWTR $AAPL $AMZN $TSLA $INTC $AMD $NFLX,0,1,0,0.0
1146436734302990336,AmericanBanking,2019-07-03,Tesla $TSLA Given a $200.00 Price Target by JPMorgan Chase & Co. Analysts http://americanbankingnews.com/?p=11004723 #stocks,0,0,0,0.0
1147014787970338816,mCryptoNews,2019-07-05,3M technology corporation announced the launch of a joint project involving the use of blockchain to interact with customershttps://t.me/cryptonewsinter#CryptoNews #blockchain #client $MMM #3M $JPM #JPMorgan $MSFT #Microsotf $XLK,0,1,2,0.0
1147063255787065346,TickerReport,2019-07-05,Tesla $TSLA Rating Reiterated by JPMorgan Chase & Co. http://tickerreport.com/?p=4426613,0,0,0,0.0
1147473642307104768,WeekHerald,2019-07-06,Tesla $TSLA Earns Sell Rating from JPMorgan Chase & Co. http://weekherald.com/?p=3738533,0,0,1,0.0
1147474061414608899,ThisLincolnian,2019-07-06,Tesla $TSLA Rating Reiterated by JPMorgan Chase & Co. http://thelincolnianonline.com/?p=2932137,0,0,1,0.0
1147805716599758848,dakotafinancial,2019-07-07,Tesla $TSLA Rating Reiterated by JPMorgan Chase & Co. http://dakotafinancialnews.com/?p=1066571,0,0,0,0.0
1148286058146226176,GlobalInvestor5,2019-07-08,"Selling $TSLANew bearish views from top-ranked analysts post $2.7bn capital raise (all 3 WARNING re. future FUNDING DEFICIT)BofAMerrill: Sell pt$225JPMorgan: Sell pt$200MStanley: Hold pt$230""Inability to turn corner & sustain cashflow""""No more self-funding vs a decade ago""",0,0,0,-0.125
1148311792654962690,GlobalInvestor5,2019-07-08,"Selling $TSLANew bearish views from top-ranked analysts post $2.7bn capital raise (all 3 WARNING re. future FUNDING DEFICIT!)BofAMerrill: Sell pt$225JPMorgan: Sell pt$200MStanley: Hold pt$230""Inability to turn corner & sustain cashflow""""No more self-funding vs a decade ago""",0,0,0,-0.125
1148363493441253376,BRICKCOINED,2019-07-08,Apple's iPhones coming in 2020 could spark sales growth as 5G excitement builds: JPMorgan https://cnb.cx/2Jokpgf,0,0,0,0.0
1148371719696130049,LiveSquawk,2019-07-08,JPMorgan Analysts Raise Year-End Price Target On Apple To $239 From $233 - CNBC $AAPL,4,18,23,0.0
1148410497382981632,JorelLaraKalel,2019-07-09,Apple’s iPhones coming in 2020 could spark sales growth as consumers gear up for 5G: JPMorgan $AAPL @apple,0,0,0,0.0
1148548876934103040,theflynews,2019-07-09,"JPMorgan turns 'incrementally positive' on iPhone shipments, boosts Apple target $AAPL http://dlvr.it/R84PVD",2,2,11,0.22727272727272727
1148555722789130241,TrueBubbleHead,2019-07-09,"JPMorgan turns 'incrementally positive' on iPhone shipments, boosts Apple target $AAPL http://dlvr.it/R84PVD",0,1,5,0.22727272727272727
1148564666613977088,TheStreet,2019-07-09,"Apple Edges Higher After JPMorgan Price Target Lift, iPhone Shipment Boosthttps://thestreet.com/investing/stocks/apple-edges-higher-after-jpmorgan-price-target-lift-iphone-shipment-boost-15012965…@mdbaccardax $AAPL",0,1,2,0.25
1148604006891212802,SwingTradeIdeas,2019-07-09,$AAPL - JPMorgan Raises Apple Price Target,0,0,0,0.0
1148604036293308418,AutonomousCNS,2019-07-09,Apple's PT raised by JPMorgan Chase & Co. to $239.00. overweight rating. http://marketbeat.com/r/1232837 $AAPL #AAPL via @RatingsNetwork,0,0,0,0.0
1148606325229838336,TopStockAlerts1,2019-07-09,"$AAPL Apple Edges Higher After JPMorgan Price Target Lift, iPhone Shipment Boost",0,0,0,0.25
1148606483308982272,Benzinga,2019-07-09,JPMorgan Raises Apple Price Target $AAPL,0,0,0,0.0
1148632799123054592,GlobalInvestor5,2019-07-09,"Selling $TSLANew bearish views from top-ranked analysts post $2.7bn capital raise (all 3 WARNING re. future FUNDING DEFICIT!)BofAMerrill: Sell pt$225JPMorgan: Sell pt$200MStanley: Hold pt$230""Inability to turn corner & sustain cashflow""""No more self-funding vs a decade ago""",0,0,0,-0.125
1148779229129203712,TopStockAlerts1,2019-07-10,$AAPL JPMorgan Raises Apple Price Target,0,0,0,0.0
1148892050907119616,TickerReport,2019-07-10,Apple $AAPL Given New $239.00 Price Target at JPMorgan Chase & Co. http://tickerreport.com/?p=4437632,0,0,0,0.13636363636363635
1148919807779192832,GlobalInvestor5,2019-07-10,"Selling $TSLANew bearish views from top-ranked analysts post $2.7bn capital raise (all 3 WARNING re. future FUNDING DEFICIT!)BofAMerrill: Sell pt$225JPMorgan: Sell pt$200MStanley: Hold pt$230""Inability to turn corner & sustain cashflow""""No more self-funding vs a decade ago""",0,0,0,-0.125
1148941299015454720,davidmoadel,2019-07-10,$TLT JPMorgan says bond-market rally faces risk of ‘tantrum’ like 2013 and 2016 https://marketwatch.com/story/jpmorgan-says-bond-market-rally-faces-risk-of-tantrum-like-2013-and-2016-2019-07-08?mod=mw_quote_news… $SLV $GLD $QQQ $DJIA $DIA $SPY #stockmarket #commodities #investing #finance #stocks #gold #silver $FB $TWTR $AAPL $AMZN $TSLA $INTC $AMD $NFLX,0,1,1,0.0
1148995844080898050,GlobalInvestor5,2019-07-10,"Selling $TSLANew bearish views from top-ranked analysts post $2.7bn capital raise (all 3 WARNING re. future FUNDING DEFICIT)BofAMerrill: Sell pt$225JPMorgan: Sell pt$200MStanley: Hold pt$230""Inability to turn corner & sustain cashflow""""No more self-funding vs a decade ago""",0,0,0,-0.125
1149452135555391494,TranscriptDaily,2019-07-11,JPMorgan Chase & Co. Increases Apple $AAPL Price Target to $239.00 http://zpr.io/gd5U4,0,3,3,0.0
1149686105693970432,dakotafinancial,2019-07-12,JPMorgan Chase & Co. Raises Apple $AAPL Price Target to $239.00 http://dakotafinancialnews.com/?p=1068947,0,0,0,0.0
1149768412572397575,GlobalInvestor5,2019-07-12,"Selling $TSLANew bearish views from top-ranked analysts post $2.7bn capital raise (all 3 WARNING re. future FUNDING DEFICIT)BofAMerrill: Sell pt$225JPMorgan: Sell pt$200MStanley: Hold pt$230""Inability to turn corner & sustain cashflow""""No more self-funding vs a decade ago""",0,0,0,-0.125
1150049941080776704,TommyMackATX,2019-07-13,"#Earnings scheduled July 15, 2019 are #Netflix $NFLX, #Microsoft $MSFT, #Citigroup $C, #JPMorganChase $JPM, #BankofAmerica $BAC, #UnitedHealthGroup $UNH, #JohnsonJohnson $JNJ, #WellsFargo $WFC, #DominosPizza $DPZ, and #GoldmanSachs $GS. #StockMarket #stockstowatch #investing",0,4,3,0.0
1150525671636131841,,2019-07-14,"This tweet, ""RT TommyMackATX: #Earnings scheduled July 15, 2019 are #Netflix $NFLX, #Microsoft $MSFT, #Citigroup $C, #JPMorganChase $JPM, #BankofAmeric…"" hasn't been tweeted more than 2 times.",0,0,0,0.5
1151178530358738945,GlobalInvestor5,2019-07-16,"Selling $TSLANew bearish views from top-ranked analysts post $2.7bn capital raise (all 3 WARNING re. future FUNDING DEFICIT)BofAMerrill: Sell pt$225JPMorgan: Sell pt$200MStanley: Hold pt$230""Inability to turn corner & sustain cashflow""""No more self-funding vs a decade ago""",0,0,1,-0.125
1151282042585399296,BenzDaimle,2019-07-17,$NIO #NIO $SOLO $TSLA Tesla will end up in the middle Of the ROAD..... $MS Morgan Stanley thinks it could be a $10 stock.... ON THE OTHER HAND MERCEDES BENZ... $JPM JPMorgan $MS Morgan Stanley bullish on $DMLRY $DDAIF $DAI.DE DAIMLER MERCEDES BENZ #Volocopter #thebestornothing,0,2,0,-0.0625
1151563910660706306,GlobalInvestor5,2019-07-17,"Selling $TSLANew bearish views from top-ranked analysts post $2.7bn capital raise (all 3 WARNING re. future FUNDING DEFICIT)BofAMerrill: Sell pt$225JPMorgan: Sell pt$200MStanley: Hold pt$230""Inability to turn corner & sustain cashflow""""No more self-funding vs a decade ago""",0,0,0,-0.125
1151889308518932480,GlobalInvestor5,2019-07-18,"Selling $TSLANew bearish views from top-ranked analysts post $2.7bn capital raise (all 3 WARNING re. future FUNDING DEFICIT)BofAMerrill: Sell pt$225JPMorgan: Sell pt$200MStanley: Hold pt$230""Inability to turn corner & sustain cashflow""""No more self-funding vs a decade ago""",0,0,0,-0.125
1152254608837734402,AutonomousCNS,2019-07-19,Microsoft given $155.00 PT by JPMorgan Chase & Co.. buy rating. http://marketbeat.com/r/1238317 $MSFT #MSFT via @RatingsNetwork,0,0,0,0.0
1153259424540217344,EnterpriseLeade,2019-07-22,Microsoft $MSFT Earns Buy Rating from JPMorgan Chase & Co.  http://theenterpriseleader.com/?p=2118172,0,0,0,0.0
1153259623090143232,dispatchtribune,2019-07-22,Microsoft $MSFT Earns Buy Rating from JPMorgan Chase & Co. http://dispatchtribunal.com/?p=2812244,0,0,0,0.0
1153569837727342592,dakotafinancial,2019-07-23,JPMorgan Chase & Co. Reaffirms “Buy” Rating for Microsoft $MSFT http://dakotafinancialnews.com/?p=1076832,0,0,0,0.0
1153570728337428480,stocknewstimes,2019-07-23,JPMorgan Chase & Co. Reaffirms “Buy” Rating for Microsoft $MSFT  http://thestockobserver.com/?p=2178912,0,0,0,0.0
1154396547599220736,ZolmaxNews,2019-07-25,Tesla $TSLA PT Set at $200.00 by JPMorgan Chase & Co. http://zolmax.com/?p=3141656,0,0,0,0.0
1154492259414372352,AmericanBanking,2019-07-25,Tesla $TSLA Given a $200.00 Price Target by JPMorgan Chase & Co. Analysts http://americanbankingnews.com/?p=11167316 #stocks,0,0,0,0.0
1154734691712299010,OpiumWarSolved,2019-07-26,Tesla given $200.00 PT by JPMorgan Chase & Co.. sell rating. http://marketbeat.com/r/1241475 $TSLA #TSLA via @RatingsNetwork,0,0,0,0.0
1154736496269639680,OpiumWarSolved,2019-07-26,"Alphabet's PT raised by JPMorgan Chase & Co. to $1,420.00. positive rating. http://marketbeat.com/r/1242132 $GOOGL #GOOGL via @RatingsNetwork",0,0,0,0.22727272727272727
1154737159774978049,OpiumWarSolved,2019-07-26,"http://Amazon.com's buy rating reiterated at JPMorgan Chase & Co.. $2,300.00 PT. http://marketbeat.com/r/1242076 $AMZN #AMZN via @RatingsNetwork",0,0,0,0.0
1154794968411774977,dispatchtribune,2019-07-26,Tesla $TSLA Given a $200.00 Price Target at JPMorgan Chase & Co. http://dispatchtribunal.com/?p=2820175,0,0,0,0.0
1154798293400084483,AmericanBanking,2019-07-26,"http://Amazon.com $AMZN Price Target Increased to $2,300.00 by Analysts at JPMorgan Chase & Co. http://americanbankingnews.com/?p=11181967 #stocks",0,0,0,0.0
1154888115716313088,TraceyRyniec,2019-07-26,Is this a once-in-a-decade buying opportunity in value stocks like JPMorgan says? Here's some tips for value investors: $AFL $SYF $XEC $AAPL $AMZN,0,1,2,0.0
1155166622618980352,EnterpriseLeade,2019-07-27,Alphabet’s $GOOG Buy Rating Reaffirmed at JPMorgan Chase & Co.  http://theenterpriseleader.com/?p=2129102,0,0,0,0.0
1155166678201839617,TranscriptDaily,2019-07-27,Alphabet’s $GOOG Buy Rating Reaffirmed at JPMorgan Chase & Co. http://zpr.io/g44i2,0,0,0,0.0
1155202681788608518,ZolmaxNews,2019-07-27,"Alphabet $GOOGL Price Target Increased to $1,420.00 by Analysts at JPMorgan Chase & Co. http://zolmax.com/?p=3147992",0,0,0,0.0
1155203848270733312,dailypoliticaln,2019-07-27,"Alphabet $GOOGL Price Target Increased to $1,420.00 by Analysts at JPMorgan Chase & Co. http://dailypolitical.com/?p=2973372",0,0,0,0.0
1155220735872385024,ConsumerFeed,2019-07-27,"http://zpr.io/jWR $AMZN Price Target Raised to $2,300.00 at JPMorgan Chase & Co. http://zpr.io/g4Vqp",0,0,0,0.0
1155570959174307841,ConsumerFeed,2019-07-28,Tesla $TSLA Given a $200.00 Price Target by JPMorgan Chase & Co. Analysts http://zpr.io/gv6DZ,0,0,0,0.0
1155794801993953280,WeekHerald,2019-07-29,"JPMorgan Chase & Co. Boosts http://Amazon.com $AMZN Price Target to $2,300.00 http://weekherald.com/?p=3763589",0,0,0,0.0
1155795117242036224,TickerReport,2019-07-29,"JPMorgan Chase & Co. Boosts http://Amazon.com $AMZN Price Target to $2,300.00 http://tickerreport.com/?p=4482802",0,0,1,0.0
1155874737723252736,MadMraket,2019-07-29,"$AMZN  JPMorgan Chase & Co. http://ReiteratesAmazon.com (AMZN)$1,895.74Buy",1,1,1,0.0
1155914591961903104,OpiumWarSolved,2019-07-29,http://Amazon.com's buy rating reiterated at JPMorgan Chase & Co.. http://marketbeat.com/r/1243072 $AMZN #AMZN via @RatingsNetwork,0,0,0,0.0
1156119841541173249,ZolmaxNews,2019-07-30,"JPMorgan Chase & Co. Raises http://Amazon.com $AMZN Price Target to $2,300.00 http://zolmax.com/?p=3154181",0,0,0,0.0
1156120074329165825,dailypoliticaln,2019-07-30,"JPMorgan Chase & Co. Raises http://Amazon.com $AMZN Price Target to $2,300.00 http://dailypolitical.com/?p=2979286",0,0,0,0.0
1156148469045833734,OlympiaReport,2019-07-30,JPMorgan Chase & Co. Reaffirms “Buy” Rating for Alphabet $GOOG http://theolympiareport.com/?p=1702433,0,0,0,0.0
1156148768087126016,dispatchtribune,2019-07-30,JPMorgan Chase & Co. Reaffirms “Buy” Rating for Alphabet $GOOG http://dispatchtribunal.com/?p=2829339,0,0,0,0.0
1156204627953704960,davidmoadel,2019-07-30,$TLT JPMorgan Finds Stocks Are Massively Overbought Ahead Of The #Fed's Rate Cut https://zerohedge.com/news/2019-07-29/jpmorgan-finds-stocks-are-massively-overbought-ahead-feds-rate-cut… $SLV $GLD $QQQ $DJIA $DIA $SPY #stockmarket #commodities #investing #finance #stocks #gold #silver $FB $TWTR $AAPL $AMZN $TSLA $INTC $AMD $NFLX,0,0,0,0.0
1156798980715622400,TheMarketsDaily,2019-08-01,JPMorgan Chase & Co. Reaffirms “Buy” Rating for http://zpr.io/jWR $AMZN http://zpr.io/gv5Yu,0,0,0,0.0
1156919375288557569,dividendc2,2019-08-01,Bill Miller - Miller Value Partners31 Mar 2019 TOP9$AMZN Amazon Corp.$BHC Bausch Health$OMF OneMain Holdings$RH RH$BHF Brighthouse Financial In$AVP Avon Products$GNW Genworth Financial Inc.$JPM JPMorgan Chase & Co.$MU Micron Technology Inc.$NXPI NXP Semiconductors NV,0,4,4,0.0
1156984848931799042,WeekHerald,2019-08-01,Apple $AAPL Price Target Increased to $243.00 by Analysts at JPMorgan Chase & Co. http://weekherald.com/?p=3771371,0,0,0,0.0
1157251032751267840,dakotafinancial,2019-08-02,Apple $AAPL Given a $239.00 Price Target at JPMorgan Chase & Co. http://dakotafinancialnews.com/?p=1101480,0,0,0,0.0
1157279027205496833,ConsumerFeed,2019-08-02,Apple $AAPL PT Raised to $243.00 at JPMorgan Chase & Co. http://zpr.io/gV6cW,0,0,0,0.0
1157279055739334657,TickerReport,2019-08-02,Apple $AAPL PT Raised to $243.00 at JPMorgan Chase & Co. http://tickerreport.com/?p=4494856,0,0,0,0.0
1157798423258632192,TranscriptDaily,2019-08-03,JPMorgan Chase & Co. Boosts Apple $AAPL Price Target to $243.00 http://zpr.io/gVsMS,0,0,0,0.0
1157825074654777344,TheMarketsDaily,2019-08-04,JPMorgan Chase & Co. Boosts Apple $AAPL Price Target to $243.00 http://zpr.io/gVsBH,0,1,0,0.0
1159115937334931457,TopNotch034,2019-08-07,$JBLU JetBlue Management to Meet w JPMorgan $JPMhttps://thefly.com/landingPageNews.php?id=2944934… Short Semis & $AMZN $SFIX & Buy Airlines Oil Down Big Lower Costs Equals Big Profit Margins IMO Buy $JBLU JetBlue has No Exposure to Boeing $ALK $LUV $UAL $AAL $SAVE $HA $WJAFF $JETS $SKYW $BA $EADSY $DAL,0,0,0,-0.038888888888888896
1159116164670337026,TopNotch034,2019-08-07,$JBLU JetBlue Management to Meet w JPMorgan $JPMhttps://thefly.com/landingPageNews.php?id=2944934… Short Semis & $AMZN $SFIX & Buy Airlines Oil Down Big Lower Costs Equals Big Profit Margins IMO Buy $JBLU JetBlue has No Exposure to Boeing $ALK $LUV $UAL $AAL $SAVE $HA $WJAFF $JETS $SKYW $BA $EADSY $DAL,0,0,0,-0.038888888888888896
1159116334120284160,TopNotch034,2019-08-07,$JBLU JetBlue Management to Meet w JPMorgan $JPMhttps://thefly.com/landingPageNews.php?id=2944934… Short Semis & $AMZN $SFIX & Buy Airlines Oil Down Big Lower Costs Equals Big Profit Margins IMO Buy $JBLU JetBlue has No Exposure to Boeing $ALK $LUV $UAL $AAL $SAVE $HA $WJAFF $JETS $SKYW $BA $EADSY $DAL,0,0,0,-0.038888888888888896
1159120582824353792,TopNotch034,2019-08-07,$JBLU JetBlue Management to Meet w JPMorgan $JPMhttps://thefly.com/landingPageNews.php?id=2944934… Short Semis & $AMZN $SFIX & Buy Airlines Oil Down Big Lower Costs Equals Big Profit Margins IMO Buy $JBLU JetBlue has No Exposure to Boeing $ALK $LUV $UAL $AAL $SAVE $HA $WJAFF $JETS $SKYW $BA $EADSY $DAL,0,0,0,-0.038888888888888896
1160925491160735744,TopStockAlerts1,2019-08-12,"$AMZN What the U.S. Postal Service’s Big Loss Really Means for FedEx and UPS, According to JPMorgan",0,0,0,0.1
1161255856421429253,AnalystWire,2019-08-13,Apple $AAPL Supplier Data Points Show Better Than Seasonal Growth - JPMorgan,0,0,2,0.5
1162365763786891264,SydWeedon,2019-08-16,JPMorgan sees tariffs hurting S&P 500 earnings in... $DOW $CAT $HOG $WHR $NKE $AAPL $MOS $DOW $CAT $HOG $WHR,0,0,0,0.0
1162379216500985862,felipepotes83,2019-08-16,JPMorgan Sees Tariffs Hurting S&P500 Earnings in 2020.$DOW $CAT $HOG $WHR $NKE $AAPL $MOS,0,0,0,0.0
1162441862378139648,m984638,2019-08-16,"JPMorgan sees tariffs hurting S&P 500 earnings in 2020 https://seekingalpha.com/news/3492549?source=ansh… $DOW, $CAT, $HOG, $WHR, $NKE, $AAPL, $MOS, $DOW, $CAT",0,0,0,0.0
1162693568680681472,jr_leborgne,2019-08-17,JPMorgan sees tariffs hurting S&P 500 earnings in... $DOW $CAT $HOG $WHR $NKE $AAPL $MOS $DOW $CAT $HOG $WHRTax cuts vs Tariffs hike,0,1,0,0.0
1163142040168759298,CapitalCurve,2019-08-18,JPMorgan sees tariffs hurting S&P 500 earnings in... $DOW $CAT $HOG $WHR $NKE $AAPL $MOS $DOW $CAT $HOG $WHR,0,1,0,0.0
1163186197394546689,WickedSplits,2019-08-18,▶︎ JPMorgan to brief clients on volatility in equity markets https://investing.com/news/stock-market-news/jpmorgan-to-brief-clients-on-volatility-in-equity-markets-1957815… $spy $qqq $dis $fb $amzn $aapl $tsla $roku #trade,0,1,0,0.0
1163244413222567937,fuckCNBC,2019-08-19,JPMorgan Strategists Plan Call With Clients on Volatility https://ift.tt/2NgM2dd $BTC $TSLA $KO $QQQ $QCOM $ES_F $NQ_F $DJIA $NVDA $BIDU $ATVI $SPX $STUDY $BYND $F $PYPL $EBAY #FINANCE #INVESTING #NEWS,0,1,1,0.0
1163244605657276417,EBITDAtrades,2019-08-19,JPMorgan Strategists Plan Call With Clients on Volatility https://ift.tt/2NgM2dd $SPY $AAPL $BAC $MO $KO $DJIA $TSLA $NVDA $BYND $AMD $V $BAC $AMZN $BABA $SQ $MSFT #STOCKS,0,1,1,0.0
1163429241947602949,EBITDAtrades,2019-08-19,"Dow Jones Today: JPMorgan, Goldman Sachs Follow Bond Yields Higher; Apple Also Up https://ift.tt/31Lku3Q $SPY $QQQ $JD $MO $KO $FB $TSLA $NVDA $BTC $BYND $AMD $AAPL $BAC $AMZN $BABA $SQ $GOOGL #CHINA #STOCKS #OPTIONS #CRYPTO",0,1,0,0.25
1163473765579317249,WickedSplits,2019-08-19,▶︎ JPMorgan warns not to buy the dip until September https://seekingalpha.com/news/3492927-jpmorgan-warns-buy-dip-september?source=feed_news_all… #tradedeal $dis $fb $amzn $aapl $tsla $nflx,0,1,0,0.0
1163490353439289344,GlobalInvestor5,2019-08-19,"Selling $TSLANew bearish views from top-ranked analysts post $2.7bn capital raise (all 3 WARNING re. future FUNDING DEFICIT)BofAMerrill: Sell pt$225JPMorgan: Sell pt$200MStanley: Hold pt$230""Inability to turn corner & sustain cashflow""""No more self-funding vs a decade ago""",0,0,0,-0.125
1163713817005776896,fuckCNBC,2019-08-20,"Indian Rupee Has Lost Its Trade War Winning Edge, Says JPMorgan https://ift.tt/2z95Jvp $spy $baba $amd $nvda $msft $k $payc $qcom $intc $fb $jd $aapl $goog $ba $lmt $r $ea $mo $btc $xrp Check out this article here:",0,0,1,0.5
1163789687678545920,TowelieTrades,2019-08-20,RT stock_family: JPMorgan a believer in Beyond Meat https://seekingalpha.com/news/3493203?source=ansh… $BYND Dump #Robinhood for #stockoptions: http://bit.ly/tastyworks4you  #options #stockmarket #daytrader #stocktrading #news #stocks #webull $aapl $spy $amd $djia $vix https://ift.tt/2YeDeY5,0,0,0,0.0
1163789833791299585,WickedSplits,2019-08-20,▶︎ JPMorgan warms up to Campbell Soup https://seekingalpha.com/news/3493207-jpmorgan-warms-campbell-soup?source=feed_news_all… #tradedeal $dis $fb $amzn $aapl $tsla $nflx,0,1,0,0.0
1163790967197093888,TowelieTrades,2019-08-20,RT stock_family: JPMorgan warms up to Campbell Soup https://seekingalpha.com/news/3493207?source=ansh… $CPB Dump #Robinhood for #stockoptions: http://bit.ly/tastyworks4you  #options #stockmarket #daytrader #stocktrading #news #stocks #webull $aapl $spy $amd $djia $vix https://ift.tt/2YeDeY5,0,0,0,0.0
1163800533070692353,FullyProfitable,2019-08-20,JPMorgan Says Stocks Can Reach New Highs Despite Yield Inversion  https://bloomberg.com/news/articles/2019-08-19/jpmorgan-says-stocks-can-reach-new-highs-despite-yield-inversion… $SPY $QQQ $KWEB $BABA $AAPL $AMZN $FB $BA $CAT $TTD $CYBR,0,0,0,0.13636363636363635
1163872116485156864,ForestCapital,2019-08-20,"$TSLA JPMorgan Spoofer Pleads Guilty To Gold Manipulation, Faces 11 Years In Jail | Zero Hedge",0,0,0,-0.3
1163915386196303873,fuckCNBC,2019-08-20,JPMorgan Chase & Co. Declares Quarterly Coupon on Alerian MLP Index ETN https://ift.tt/2L0qtea $spy $baba $aapl $amzn $bidu $ebay $jd $nvda $amd $tsla $mcd $dpz $mo $m $jpm $gs $nflx $fb $twtr,0,0,0,0.0
1164101705769861120,WickedSplits,2019-08-21,▶︎ Another ex-JPMorgan trader pleads guilty to 'spoofing' https://seekingalpha.com/news/3493468-another-ex-jpmorgan-trader-pleads-guilty-spoofing?source=feed_news_all… #tradedeal $dis $fb $amzn $aapl $tsla $nflx,0,0,0,-0.5
1164134223827165184,FaisamTrader,2019-08-21,$spy $gspc $aapl $nflx $goog $tsla JPMorgan to close stand-alone Chase Pay app in early 2020,0,0,0,0.1
1164141985625776129,fuckCNBC,2019-08-21,JPMorgan to close stand-alone Chase Pay app in early 2020 https://ift.tt/30yrZL6 $spy $baba $aapl $amzn $bidu $ebay $jd $nvda $amd $tsla $mcd $dpz $mo $m $jpm $gs $nflx $fb $twtr,0,0,0,0.1
1164889332215353345,fuckCNBC,2019-08-23,Better Buy: Bank of America vs. JPMorgan Chase https://ift.tt/2KOqvqM $spy $baba $aapl $amzn $bidu $ebay $jd $nvda $amd $tsla $mcd $dpz $mo $m $jpm $gs $nflx $fb $twtr,0,0,0,0.5
1165944862559989760,theflynews,2019-08-26,"Apple's ability to navigate tariffs may be underappreciated, says JPMorgan $AAPL http://dlvr.it/RBvMl6",0,4,3,0.0
1165976515642892296,AmericanBanking,2019-08-26,JPMorgan Chase & Co. Analysts Give Apple $AAPL a $243.00 Price Target http://americanbankingnews.com/?p=11584567 #stocks,0,0,0,0.0
1166037351769862144,marketexclusive,2019-08-26,$AAPL  Apple Inc. (NASDAQ:AAPL) price target set to $243.00 by JPMorgan Chase & Co. https://marketexclusive.com/apple-inc-nasdaqaapl-price-target-set-to-243-00-by-jpmorgan-chase-co/2019/08/… #stocks,0,0,0,0.0
1166038885790601219,TopStockAlerts1,2019-08-26,"$AAPL Apple's Ability to Mitigate Tariffs Is 'Underappreciated,' JPMorgan Analyst Says",0,0,0,0.0
1166045132589850624,MadMraket,2019-08-26,$AAPL  JPMorgan Chase & Co. Set Price Target Apple (AAPL) $206.0201 $243.00 Buy,0,1,1,0.0
1166099467591802881,AutonomousCNS,2019-08-26,Apple given $243.00 PT by JPMorgan Chase & Co.. buy rating. http://marketbeat.com/r/1259513 $AAPL #AAPL via @RatingsNetwork,0,0,0,0.0
1166335201754173441,FullyProfitable,2019-08-27,"Time to Buy Equities Again Is Fast Approaching, Says JPMorgan https://investing.com/news/stock-market-news/time-to-buy-equities-again-is-fast-approaching-says-jpmorgan-1964143… $SPY  $QQQ $IWM $DIA $EEM $AAPL $NVDA $GE $JPM",0,0,0,0.1
1166395611144491009,fuckCNBC,2019-08-27,"U.S. appeals court revives aluminum antitrust cases vs Goldman, JPMorgan, Glencore https://ift.tt/347CJTh $spy $baba $aapl $amzn $bidu $ebay $jd $nvda $amd $tsla $mcd $dpz $mo $m $jpm $gs $nflx $fb $twtr",0,0,0,0.0
1166418228316426240,fuckCNBC,2019-08-27,"Dow’s 50-point drop led by losses for UnitedHealth, JPMorgan Chase shares https://ift.tt/2MEL7UL $spy $baba $aapl $amzn $bidu $ebay $jd $nvda $amd $tsla $mcd $dpz $mo $m $jpm $gs $nflx $fb $twtr",0,0,0,0.0
1166592824193835011,TickerReport,2019-08-28,Apple $AAPL Given a $243.00 Price Target by JPMorgan Chase & Co. Analysts http://tickerreport.com/?p=4573872,0,0,0,0.0
1166659551531286528,fuckCNBC,2019-08-28,To Buy or Not to Buy: JPMorgan and UBS Diverge on Stocks https://ift.tt/2zCgjeR $spy $baba $aapl $amzn $bidu $ebay $jd $nvda $amd $tsla $mcd $dpz $mo $m $jpm $gs $nflx $fb $twtr,0,0,0,0.0
1166951740463300609,dakotafinancial,2019-08-29,Apple $AAPL Given a $243.00 Price Target at JPMorgan Chase & Co. http://dakotafinancialnews.com/?p=1161285,0,1,0,0.0
1167340467928870919,ConsumerFeed,2019-08-30,JPMorgan Chase & Co. Reiterates “$243.00” Price Target for Apple $AAPL http://zpr.io/tP7er,0,0,0,0.0
1167700656762839042,dividendc2,2019-08-31,5 Sectors    TOP1 Long term :Banks :        TOP1 JPMorgan Chase & Co $JPMUtilities :     TOP1 Nextera Energy Inc $NEEReal State:  TOP1 American Tower Corp $AMTTechnologyTOP1 Microsoft Corp $MSFTIndustrials  TOP1 Boeing Co $BA,1,1,5,-0.025
1168492098817089536,fuckCNBC,2019-09-02,Investors Are Warming Up to an Ultra-Long Treasury Bond. JPMorgan Isn’t So Sure. https://ift.tt/2PC7MTN $spy $baba $aapl $amzn $bidu $ebay $jd $nvda $amd $tsla $mcd $dpz $mo $m $jpm $gs $nflx $fb $twtr,0,1,0,0.5
1169684844181446659,orthereaboot,2019-09-05,"Well, JPMorgan withdrew from participation in the ABL (rare), will not do any banking for Musk or $tsla, and consequently was nowhere near the last equity/convert.So there’s at least one.",1,0,11,0.02500000000000001
1170346089259683840,davidmoadel,2019-09-07,"JPMorgan Warns Stablecoins Like Libra At Risk From Negative Yields, Creating ""System Gridlock"" https://zerohedge.com/news/2019-09-06/jpmorgan-warns-stablecoins-libra-risk-negative-yields-creating-system-gridlock… $SPY $TLT $QQQ $DJIA $DIA $GLD $SLV #stockmarket #commodities #investing #finance #stocks #gold #silver $FB $TWTR $AAPL $AMZN $TSLA $INTC $AMD $NFLX $JPM $BTC",0,0,1,-0.3
1170743736961310720,echotoall,2019-09-08,"Peak fossil fuel. Beginning of the end, and the start of electrification w oversupply of energy.  $tsla $sqm $xom $gs $jpm JPMorgan close to winning lead role in history's biggest IPO",0,1,2,0.5
1170804958951890944,WickedSplits,2019-09-08,▶︎ JPMorgan close to winning lead advisory role for Saudi Aramco IPO: source https://investing.com/news/stock-market-news/jpmorgan-close-to-winning-lead-advisory-role-for-saudi-aramco-ipo-source-1973000… $spy $qqq $dis $fb $amzn $aapl $tsla $roku #trade,0,1,0,0.5
1171028941680852992,TopStockAlerts1,2019-09-09,"Apple, Boeing, WeWork, JPMorgan and Oil Prices - 5 Things You Must Know$AAPL $BA $WE $JPM",0,1,0,0.0
1171037675073212416,JorelLaraKalel,2019-09-09,"Apple, Boeing, WeWork, JPMorgan and Oil Prices - 5 Things You Must Know http://bit.ly/31bAHPW $BA $AAPL $JPM $WE",0,0,0,0.0
1171137023408771072,CNBCTheExchange,2019-09-09,"WeWork's road show on deck, Amazon's job fairs, @PopeyesChicken Junk Bonds are a big seller and JPMorgan creates a Trump tweet index...that's Rapid Fire featuring @thedomino, @courtreagan and @robtfrank with @kellycnbc on @CNBCTheExchange $AMZN $QSR",0,6,6,0.0
1171888645357199361,stock_tidbits,2019-09-11,☆☆☆ $BOX ☆☆☆JPMorgan Chase & Co. Has $6.73 Million Position in Box Inc (NYSE:BOX)https://technewsobserver.com/news/2019/09/11/jpmorgan-chase-co-has-6-73-million-position-in-box-inc-nysebox.html…$SPY $SPX $DIA $QQQ $RH $AMZN#stockmarket #stocks #trading #stockstowatch #investors #investments #stock #StockMarketNews #stockstotrade,0,1,2,0.0
1173544606098759681,iamtito_,2019-09-16,"$AAPL - Stocks to Watch: Apple, JPMorgan, Caterpillar, Freeport-McMoRan and More http://ih.advfn.com/stock-market/NASDAQ/AAPL/stock-news/Stocks-to-Watch-Apple-JPMorgan-Caterpillar-Fre/80733060?adw=1126416…",0,0,0,0.5
1173544612281180165,VisualStockRSRC,2019-09-16,"$AAPL - Stocks to Watch: Apple, JPMorgan, Caterpillar, Freeport-McMoRan and More http://ih.advfn.com/stock-market/NASDAQ/AAPL/stock-news/Stocks-to-Watch-Apple-JPMorgan-Caterpillar-Fre/80733060?adw=1126416…",0,0,0,0.5
1173544621730934785,ChrisGEllis,2019-09-16,"$AAPL - Stocks to Watch: Apple, JPMorgan, Caterpillar, Freeport-McMoRan and More",0,0,0,0.5
1173563452784295939,FaisamTrader,2019-09-16,$spy $gspc $aapl $nflx $goog $tsla Metals traders at JPMorgan charged with market manipulation,0,0,0,0.0
1174978840373760000,newsfilterio,2019-09-20,"$AAPL Lines are forming outside major Apple stores across the globe as shoppers line up to score the newest models of the iPhone 11. As its biggest smartphone driver, JPMorgan fore..",0,0,0,0.03125
1175505811860312065,davidmoadel,2019-09-21,"$JPM JPMorgan criminals exposed: Watch gold hit $1,600 https://shtfplan.com/headline-news/jpmorgan-criminals-exposed-watch-gold-hit-1600_09212019… $SPY $TLT $QQQ $DJIA $DIA $GLD $SLV #stockmarket #commodities #investing #finance #stocks #gold #silver $FB $TWTR $AAPL $AMZN $TSLA $INTC $AMD $NFLX $GDX $GDXJ",0,0,4,0.0
1175926252688924672,Losfinancieros,2019-09-23,"#Apple $AAPL JPMorgan forecasts iPhone 11 shipments to reach 184M units in 2019, with 195M shipments of the device expected in 2020.",0,1,1,-0.1
1178528035651371008,ManicTrading,2019-09-30,"$AAPL TTN: [AAPL]: JPMorgan Chase and Co Reiterates AAPL with Overweight, price target: $265",0,0,0,-0.75
1178618808384311297,TheStreet,2019-09-30,"Apple Shares Gain as JPMorgan Nudges 2019, 2020 iPhone Volume Forecasts Higherhttps://thestreet.com/investing/stocks/apple-shares-gain-as-jpmorgan-nudges-2019-2020-iphone-volume-forecasts-higher-15108467…@mdbaccardax $AAPL",0,2,5,0.0
1178630185031229447,TopStockAlerts1,2019-09-30,"Apple $AAPL iPhone Estimates Increase at JPMorgan, PT Increases to $265https://streetinsider.com/dr/news.php?id=15960830…",0,0,0,0.0
1178637880853323776,theflynews,2019-09-30,Apple price target raised to $265 from $243 at JPMorgan $AAPL http://dlvr.it/RFBCYR,0,3,8,0.0
1178640543682834434,stocktrader300,2019-09-30,$AAPL price target raised to $265 from $243 at JPMorgan.,0,0,3,0.0
1178645249398210565,marketexclusive,2019-09-30,$AAPL  Apple Inc. (NASDAQ:AAPL) price target set to $265.00 by JPMorgan Chase & Co. https://marketexclusive.com/apple-inc-nasdaqaapl-price-target-set-to-265-00-by-jpmorgan-chase-co/2019/09/… #stocks,0,0,0,0.0
1178655854570156038,TradingNation,2019-09-30,Shares of Apple catching a bid in the premarket after JPMorgan boosted the stock’s price target in anticipation of stronger iPhone sales $AAPL,2,16,41,0.6
1178658508184723456,OpenOutcrier,2019-09-30,"$AAPL (+0.8% pre) Apple (AAPL) iPhone Estimates Increase at JPMorgan, PT Increases to $265",0,1,2,0.0
1178659501764960256,MadMraket,2019-09-30,$AAPL  JPMorgan Chase & Co. Set Price Target Apple (AAPL) $218.82 $243.00 ➝ $265.00 Overweight,0,0,0,0.0
1178663054071848960,MarketCurrents,2019-09-30,$AAPL - Apple's 2020 iPhone could drive growth - JPMorgan,0,2,1,0.0
1178664645193809926,weijgenberger,2019-09-30,$AAPL - Apple's 2020 iPhone could drive growth - JPMorgan,0,0,0,0.0
1178664884864720897,Street_Insider,2019-09-30,"Apple $AAPL strong off the open (+1.5%) following positive analyst comments, including this from JPMorgan",0,2,0,0.16515151515151513
1178666315739025409,BWUIC,2019-09-30,$AAPL - Apple's 2020 iPhone could drive growth - JPMorgan,0,0,0,0.0
1178668009055014912,TommyMackATX,2019-09-30,Apple's 2020 iPhone could drive growth - JPMorgan $AAPL,0,0,5,0.0
1178676040530399233,OphirGottlieb,2019-09-30,"$AAPL Buy Apple Stock Because iPhones Are Selling Better Than Expected, JPMorgan Says http://www1.cmlviz.com/article/AAPL/barrons-2019-9-30-buy-apple-stock-because-iphones-are-selling-better-than-expected-jpmorgan-says.html…",0,0,1,0.2
1178683706137022464,financialbuzz,2019-09-30,JPMorgan Upgrades Apple on Better-Than-Expected iPhone Sales$JPM #5gNetworks $AAPL #Apple #Chase #iPhone #iPhone11 #JPMorgan #PriceTarget #SamikChatterjee #Smartphonehttps://financialbuzz.com/jpmorgan-upgrades-apple-on-better-than-expected-iphone-sales/…,0,0,0,0.0
1178687932292587521,MagnoliaG2012,2019-09-30,$AAPL - Apple's 2020 iPhone could drive growth - JPMorgan,0,0,0,0.0
1178694241381318658,newsfilterio,2019-09-30,"$AAPL JPMorgan analyst Samik Chatterjee says Apple's 2019 product cycle is stronger than the ""muted expectations"" and expects sentiment to ""..",0,0,0,0.0
1178705920039088128,AutonomousCNS,2019-09-30,Apple given $265.00 PT by JPMorgan Chase & Co.. overweight rating. http://marketbeat.com/r/1273654 $AAPL #AAPL via @RatingsNetwork,0,0,0,0.0
1178724340860407809,PlanetPonzi,2019-09-30,"#AAPL $AAPL #Apple's #stock Bubbles Back Above $1 Trillion Market Cap in Intraday Trading, Pacing #Dow As #JPMorgan Raises Target To $265 - Tells Clients ""Close Your Eyes And Buy The Highs!"" What Could Possibly Go Wrong? #Huawei's P30 Pro Is 5X Better Than iPhone V.",0,3,5,0.0
1178727700015398912,EricJhonsa,2019-09-30,"iPhone 11 Pro/Pro Max delivery times holding steady at 3-4 weeks in the U.S., 2-3 weeks in China.Related: $AAPL up 2.3% after JPMorgan hikes its target and iPhone sales estimates.",0,0,2,0.16666666666666666
1178731671304232961,Stansberry,2019-09-30,"Apple $AAPL shares to rise over 20% on stronger-than-seen iPhone sales, JPMorgan says. http://sbry.co/zce5q",0,0,1,0.0
1178795795048349696,MacHashNews,2019-09-30,JPMorgan: Apple stock will spike 20% thanks to iPhone demand http://dlvr.it/RFDCr3 $AAPL,0,0,2,0.2
1178861510233214977,mauriciommeagle,2019-10-01,JPMorgan raises Apple's price target to $265 [Video] $AAPL Sta Claus I Want  #Iphone11 please,0,0,0,0.0
1178969475481247745,stock_family,2019-10-01,"Buy Apple Stock Because iPhones Are Selling Better Than Expected, JPMorgan Says - Barron's$AAPL",0,0,0,0.2
1179012499913531393,TopStockAlerts1,2019-10-01,"Dow Jones Futures Rise, Led By JPMorgan, Goldman Sachs; Apple Stock In Buy Range$DJ_F $JPM $AAPL $AMZN",0,0,0,0.0
1179054413396283392,TickerReport,2019-10-01,Apple $AAPL PT Set at $265.00 by JPMorgan Chase & Co. http://tickerreport.com/?p=4677865,0,0,0,0.0
1179771814572113921,TranscriptDaily,2019-10-03,JPMorgan Chase & Co. Analysts Give Tesla $TSLA a $200.00 Price Target http://transcriptdaily.com/?p=2520539,0,0,0,0.0
1179772097968705538,stocknewstimes,2019-10-03,JPMorgan Chase & Co. Analysts Give Tesla $TSLA a $200.00 Price Target  http://thestockobserver.com/?p=2336368,0,0,0,0.0
1179772804465643522,TheMarketsDaily,2019-10-03,JPMorgan Chase & Co. Analysts Give Tesla $TSLA a $200.00 Price Target http://themarketsdaily.com/?p=2627656,0,0,0,0.0
1179857513396588544,AutonomousCNS,2019-10-03,Tesla given $200.00 PT by JPMorgan Chase & Co.. sell rating. http://marketbeat.com/r/1277677 $TSLA #TSLA via @RatingsNetwork,0,0,1,0.0
1179887030970531840,Polixenes13,2019-10-03,"As WeWork implodes, & JPMorgan feels the pain of lending on margin to this Unicorn's Founder, any chance banks (I'm looking at you, Morgan Stanley) will start to question their margin loans to other scammy SV CEOs selling pipe dreams? $TSLA $TSLAQ",7,4,58,-0.125
1179921855853010944,ZolmaxNews,2019-10-04,JPMorgan Chase & Co. Reiterates $265.00 Price Target for Apple $AAPL http://zolmax.com/?p=3287215,0,0,1,0.0
1179922055778713600,WatchlistN,2019-10-04,JPMorgan Chase & Co. Reiterates $265.00 Price Target for Apple $AAPL http://watchlistnews.com/?p=3211487,0,0,1,0.0
1179922254798479361,dailypoliticaln,2019-10-04,Apple $AAPL Given a $265.00 Price Target by JPMorgan Chase & Co. Analysts http://dailypolitical.com/?p=3109963,0,0,1,0.0
1179954457574088704,AmericanBanking,2019-10-04,Tesla $TSLA Given a $200.00 Price Target at JPMorgan Chase & Co. http://americanbankingnews.com/?p=12093931 #stocks,0,0,2,0.0
1180118891550380033,TheMarketsDaily,2019-10-04,Apple $AAPL Given a $265.00 Price Target by JPMorgan Chase & Co. Analysts http://themarketsdaily.com/?p=2630120,0,0,0,0.0
1180318890838106112,ConsumerFeed,2019-10-05,Tesla $TSLA Given a $200.00 Price Target at JPMorgan Chase & Co. http://thecerbatgem.com/?p=3246606,0,2,3,0.0
1180827293930971136,gualestrit,2019-10-06,Peso en el S&P 500 (6/10/19)4.31% $MSFT Microsoft3.88% $AAPL Apple2.97% $AMZN Amazon1.79% $FB Facebook1.66% $BRK.B Berkshire Hathaway1.49% $GOOG Alphabet Class C1.49% $JPM JPMorgan Chase1.48% $GOOGL Alphabet Class A1.43% $JNJ Johnson & Johnson1.26% $PG Procter & Gamble,3,43,118,0.0
1181170991621443584,FaisamTrader,2019-10-07,$spy $gspc $aapl $nflx $goog $tsla JPMorgan rates SmileDirectClub outperform in bullish note just days after blistering short seller report,0,0,0,0.0
1181174730138820608,FaisamTrader,2019-10-07,"$spy $gspc $aapl $nflx $goog $tsla UPDATE: JPMorgan, Stifel rate SmileDirectClub a buy just days after short seller slams company",0,0,0,0.0
1181248167892926465,TommyMackATX,2019-10-07,"#Earnings next week and confirmed dates include #Netflix $NFLX, #Apple $AAPL, #Facebook $FB, #JPMorganChase $JPM, #Snap $SNAP, #UnitedHealthGroup $UNH, #BankofAmerica $BAC, #Square $SQ, and #ATT $T. #Stock #StockMarket #stockstowatch #Finance #WallStreet",0,2,3,0.2
1181453502058381312,OlympiaReport,2019-10-08,JPMorgan Chase & Co. Analysts Give Tesla $TSLA a $200.00 Price Target http://theolympiareport.com/?p=1842021,0,0,0,0.0
1182780421626617856,MyWallStHQ,2019-10-11,"It looks like corporations are moving away from the ‘investor-pleasing’ model of old, and want to focus on the wider community. Why the sudden change in strategy?Do you think businesses have a social responsibility?$AAPL #JPMorgan #MyWallStreethttps://invest.mywallst.com/post/2-reasons-ceos-are-no-longer-concerned-with-investors-feelings…",0,0,0,0.044444444444444446
1183781252530364417,davidmoadel,2019-10-14,$DIS JPMorgan Issued a Warning About Disney Stock: Should Investors Be Concerned? -- my article for @investorplace https://investorplace.com/2019/10/jpmorgan-issued-a-warning-about-disney-stock-should-you-be-concerned/… $JPM $SPY $QQQ $DJIA $DIA $GLD $SLV #stockmarket  #investing #finance #stocks #gold $TLRY $TWTR $FB $AAPL $AMZN $TSLA $AMD $INTC $MU $NFLX,0,0,0,0.0
1183823447685775360,davidmoadel,2019-10-14,$DIS #JPMorgan Issued a Warning About #Disney Stock: Should #Investors Be Concerned? -- my article for @investorplace https://investorplace.com/2019/10/jpmorgan-issued-a-warning-about-disney-stock-should-you-be-concerned/… $JPM $SPY $QQQ $DJIA $DIA $GLD $SLV #stockmarket  #investing #finance #stocks #gold $TLRY $TWTR $FB $AAPL $AMZN $TSLA $AMD $INTC $MU $NFLX,0,0,0,0.0
1183874953772486656,EnterpriseLeade,2019-10-14,Apple $AAPL PT Set at $265.00 by JPMorgan Chase & Co.  http://theenterpriseleader.com/?p=2307614,0,0,0,0.0
1183961417629622272,AutonomousCNS,2019-10-15,Apple given $265.00 PT by JPMorgan Chase & Co.. buy rating. http://marketbeat.com/r/1282827 $AAPL #AAPL via @RatingsNetwork,0,0,0,0.0
1184767635814309889,dakotafinancial,2019-10-17,JPMorgan Chase & Co. Analysts Give Apple $AAPL a $265.00 Price Target http://dakotafinancialnews.com/?p=1249676,0,0,0,0.0
1185116612577378305,TranscriptDaily,2019-10-18,Apple $AAPL Given a $265.00 Price Target at JPMorgan Chase & Co. http://zpr.io/tfhqX,0,0,0,0.0
1185117766149431296,stocknewstimes,2019-10-18,Apple $AAPL Given a $265.00 Price Target at JPMorgan Chase & Co.  http://thestockobserver.com/?p=2365902,0,0,0,0.0
1185582117390032896,davidmoadel,2019-10-19,JPMorgan CEO Jamie Dimon says #Libra is “a neat idea that will never happen” https://cointelegraph.com/news/jamie-dimon-about-libra-a-neat-idea-that-will-never-happen… $SPY $QQQ $DJIA $DIA $GLD $SLV #stockmarket #investing #finance #stocks $JPM $FB $AAPL $AMZN $NFLX $NVDA $MU #economy $BTC #bitcoin #cryptocurrency #cryptos #crypto $ETH $XRP $LTC,0,0,0,0.0
1187295823425671168,TickerReport,2019-10-24,Tesla $TSLA PT Set at $220.00 by JPMorgan Chase & Co. http://tickerreport.com/?p=4737118,0,0,0,0.0
1187295830258208768,WatchlistN,2019-10-24,Tesla $TSLA PT Set at $220.00 by JPMorgan Chase & Co. http://zpr.io/tGiy5,0,0,0,0.0
1187312492046774273,passthebeano,2019-10-24,"JPMorgan boosts Tesla target to $220, keeps Underweight rating.""JPMorgan analyst Ryan Brinkman raised his price target for Tesla to $220 from $200 while maintaining an Underweight rating. The analyst, however, is we ""not certain about the quality of this beat."""" $TSLA $TSLAQ",1,1,23,-0.10714285714285714
1187342524437975040,MadMraket,2019-10-24,$MSFT BMO Capital Markets Raises Target Microsoft (MSFT) $137.24 $160.00 ➝ $165.00 Outperform       JPMorgan Chase & Co. Set Price Target Microsoft (MSFT) $137.24 $169.00 Buy   Stifel Nicolaus Raises Target Microsoft (MSFT) $137.24 $155.00 ➝ $160.00 Buy,0,0,0,0.0
1187383904875008001,carlquintanilla,2019-10-24,* Apple all-time high going back to its IPO in 1980.* JPMorgan all-time high going back to its IPO in 1983.$AAPL $JPM,6,11,28,0.08
1187442093179850752,AutonomousCNS,2019-10-24,Tesla given $220.00 PT by JPMorgan Chase & Co.. sell rating. http://marketbeat.com/r/1288894 $TSLA #TSLA via @RatingsNetwork,0,0,1,0.0
1187442373527248896,Commuternyc,2019-10-24,Tesla given $220.00 PT by JPMorgan Chase & Co.. sell rating. http://marketbeat.com/r/1288894 $TSLA #TSLA via @RatingsNetwork,0,0,4,0.0
1187449707359956992,AutonomousCNS,2019-10-24,Microsoft given $169.00 PT by JPMorgan Chase & Co.. buy rating. http://marketbeat.com/r/1289019 $MSFT #MSFT via @RatingsNetwork,0,0,1,0.0
1187700905065488384,WallStCards,2019-10-25,$AMZN JPMorgan analyst Doug Anmuth recommends buying shares of $AMZN on the post-earnings selloff,0,0,0,0.0
1187817000187432960,EnterpriseLeade,2019-10-25,Alphabet $GOOG Receives “Buy” Rating from JPMorgan Chase & Co.  http://theenterpriseleader.com/?p=2339413,0,0,0,0.0
1187819658256310275,AmericanBanking,2019-10-25,Alphabet $GOOG Receives Buy Rating from JPMorgan Chase & Co. http://americanbankingnews.com/?p=12329129 #stocks,0,0,0,0.0
1187903419517952000,EnterpriseLeade,2019-10-26,Microsoft $MSFT Given “Buy” Rating at JPMorgan Chase & Co.  http://theenterpriseleader.com/?p=2340085,0,0,1,0.0
1187903720027295744,TranscriptDaily,2019-10-26,Microsoft $MSFT Given “Buy” Rating at JPMorgan Chase & Co. http://zpr.io/tqZRf,0,1,2,0.0
1187912641014095873,ThisLincolnian,2019-10-26,Tesla $TSLA Given “Sell” Rating at JPMorgan Chase & Co. http://thelincolnianonline.com/?p=3144136,0,0,0,0.0
1188048014583222272,ConsumerFeed,2019-10-26,Tesla $TSLA Stock Rating Reaffirmed by JPMorgan Chase & Co. http://zpr.io/tqsDN,0,0,0,0.0
1188204886766374917,dakotafinancial,2019-10-26,Alphabet’s $GOOG Buy Rating Reaffirmed at JPMorgan Chase & Co. http://dakotafinancialnews.com/?p=1277724,0,0,0,0.0
1188465146726928388,OlympiaReport,2019-10-27,Tesla $TSLA Earns “Sell” Rating from JPMorgan Chase & Co. http://theolympiareport.com/?p=1892265,0,0,1,0.0
1188533417819983872,ConsumerFeed,2019-10-27,JPMorgan Chase & Co. Reaffirms Buy Rating for Microsoft $MSFT http://zpr.io/tqhim,0,0,0,0.0
1188757720180101122,ThisLincolnian,2019-10-28,Microsoft $MSFT Earns “Buy” Rating from JPMorgan Chase & Co. http://thelincolnianonline.com/?p=3150031,0,1,0,0.0
1188790328964333573,psk2329,2019-10-28,$AAPL JPMorgan analyst Samik Chatterjee raised his price target for Apple to $275 from $265 ahead of the company's fiscal Q4 earnings results on October 30.,0,1,6,0.0
1188792916090572800,theflynews,2019-10-28,JPMorgan boosts Apple target to $275 but says don't buy ahead of earnings $AAPL http://dlvr.it/RH6RK1,1,2,1,0.0
1188797916573556736,WallStCards,2019-10-28,$AAPL  JPMorgan analyst Samik Chatterjee raised his price target for Apple to $275 from $265 ahead of the company's fiscal Q4 earnings results on October 30.,0,0,0,0.0
1188803107741949952,WSBConsensus,2019-10-28,"Apple Inc. ( $AAPL ) has had positive mentions and PT rises at Credit Suisse, Jefferies and JPMorgan, where the latter caveats not to buy ahead of earnings. Jefferies cites strong analysis of foot traffic in retail stores and Credit Suisse sees a strong launch season.$GOOG $SQ",0,0,0,0.27348484848484844
1188826864263008256,weijgenberger,2019-10-28,JPMorgan Boosts Apple Target To $275 But Says Don't Buy Ahead Of Earnings   $AAPL http://bit.ly/2pWnPzq,0,0,0,0.0
1188835562335064066,gualestrit,2019-10-28,Las empresas estadounidenses con mayor beneficio (1954-2018)En 2018:Apple $AAPLJPMorgan $JPMAlphabet $GOOGLBank of America $BACWells Fargo $WFCFacebook $FBIntel $INTCExxon Mobil $XOMAT&T $TCitigroup $C,1,31,47,0.0
1188841368832991234,Si_Investor,2019-10-28,#Apple $AAPL 248.59 +0.8%  JPMorgan Boosts Apple Target To $275 But Says Don't Buy Ahead Of Earnings   http://dlvr.it/RH775B  Message Board: http://dlvr.it/RH775K,0,0,0,0.0
1188865624812019713,OlympiaReport,2019-10-28,JPMorgan Chase & Co. Reaffirms “Buy” Rating for http://Amazon.com $AMZN http://theolympiareport.com/?p=1894686,0,0,0,0.0
1188892277906821122,ConsumerFeed,2019-10-28,Alphabet $GOOG Earns Buy Rating from JPMorgan Chase & Co. http://zpr.io/tqSCb,0,0,0,0.0
1188904482538549248,AutonomousCNS,2019-10-28,Alphabet's buy rating reiterated at JPMorgan Chase & Co.. http://marketbeat.com/r/1290280 $GOOG #GOOG via @RatingsNetwork,0,0,0,0.0
1189147935449243648,WallStCards,2019-10-29,"$GOOGL JPMorgan boosts Alphabet target to $1,460 on 'strong all around' Q3",0,0,0,0.4333333333333333
1190015869197443072,sebasti00495668,2019-10-31,$xle $xom $erx $slb Marko Kolanovic - JPMorgan Chase's head of quantitative and derivatives research says Energy is the place to be on CNBC today #oil $oih $spy $qqq $xli $tsla $amzn $fb $aapl @KKolanovic,0,0,0,0.0
1190052967598174208,WallStCards,2019-10-31,JPMorgan $JPM intends to pilot a new healthcare plan for certain non-New York employees as part of its mysterious venture with Amazon $AMZN and Warren Buffett's Berkshire Hathaway $BRK.A Bloomberg,0,0,0,0.11688311688311688
1190826969866235904,websun23,2019-11-03,Amazon and JP Morgan making moves in healthcare insurance #HAVEN #Amazon #JPMorgan $AMZN $JPM,0,2,1,0.0
1191376445223755776,stockerblog,2019-11-04,JPMorgan will pilot a new health-care plan for some employees as part of its mysterious venture with Amazon and Warren Buffett’s Berkshire Hathaway https://bloomberg.com/news/articles/2019-10-31/jpmorgan-tests-amazon-berkshire-health-venture-on-bank-employees… via @business $JPM $AMZN $BRKA,0,0,0,0.06818181818181818
1191390610604920832,HealthyMuses,2019-11-04,California AG rejects Adventist-St. Joseph mergerhttp://bit.ly/2JPOtBfJPMorgan Tests Its Amazon-Berkshire Health Venture on Bank Employeeshttps://bloom.bg/2NghoR5Elizabeth Warren's dream healthcare world: http://bit.ly/34ro3gU$JPM $AMZN $BRK.B $SYK $XHS,0,0,0,0.0
1191680723197009920,EdGainesIII,2019-11-05,More evidence of the decline in #HDHPs among major employers $AMZN $BRKB $JPM Amazon-Berkshire-JPMorgan tests new employee health plan in some states https://beckershospitalreview.com/payer-issues/amazon-berkshire-jpmorgan-tests-new-employee-health-plan-in-6-states.html…,0,0,0,0.23295454545454544
1192454087381528576,otcdynamics,2019-11-07,"$AAPL Thinking about trading options or stock in Apple, Baidu, JPMorgan Chase, Micron Technology, or Yum! Brands? http://bit.ly/2NqGfSo",0,0,0,0.0
1193115359156604928,dividendc2,2019-11-09,"MEJORES COMPAÑÍASAmerican Tower Corp (REIT) $AMTApple Inc. $AAPLAT&T Inc. $TNextEra Energy, Inc. $NEEEcolab Inc. $ECLThe Boeing Company $BAAmazon .com, Inc. $AMZNNestle S.A. $NESN.SWMicrosoft Corporation $MSFTJPMorgan Chase & Co. $JPMLinde plc $LINLÍDERES DE MERCADO",0,4,12,0.0
1195210849503338500,LiveSquawk,2019-11-15,JPMorgan: Raises PT On Apple To $290 From $280 $AAPL,4,7,12,0.0
1195320803753115649,StckPro,2019-11-15,$AAPL NEW ARTICLE : Apple could raise annual ad income to $11 billion by 2025: JPMorgan https://dashboard.stck.pro/news.php?ticker=AAPL&rowid=1105526… Get all the latest $AAPL related news here : https://dashboard.stck.pro/news.php?ticker=AAPL…,0,0,0,0.21212121212121213
1195327237664448512,MadMraket,2019-11-15,$AAPL  ATH !!!!  haha: JPMorgan Chase & Co. Set Price Target Apple (AAPL) $262.64 $290.00 Buy  Hope U didn't listen to the BAD analyst yday !,0,0,1,-0.3374999999999999
1195329703667814400,psk2329,2019-11-15,"$AAPL JPMorgan analyst Samik Chatterjee raised his price target for Apple to $290 from $280 and reiterates an Overweight rating on the shares. Following the stock's strong run, investor attention is increasingly focusing on identifying new avenues of Services revenue growth",0,0,1,0.18989898989898987
1195330305025929217,marketexclusive,2019-11-15,$AAPL  Apple Inc. (NASDAQ:AAPL) price target set to $290.00 by JPMorgan Chase & Co. https://marketexclusive.com/apple-inc-nasdaqaapl-price-target-set-to-290-00-by-jpmorgan-chase-co/2019/11/… #stocks,0,0,0,0.0
1196440782259003392,otcdynamics,2019-11-18,"$AAPL Thinking about trading options or stock in Apple, Alibaba, JPMorgan Chase, NVIDIA, or PepsiCo?",0,0,0,0.0
1196827694475952128,davidmoadel,2019-11-19,$JPM JPMorgan Shames Jeff Gundlach As The King Of The Armageddonists https://zerohedge.com/markets/jpmorgan-cio-outs-armageddonists… $SPY $QQQ $DJIA $DIA $GLD $SLV #stockmarket #investing #finance #stocks #gold #silver $TWTR $FB $AAPL $AMZN $TSLA $AMD $INTC $NFLX #economy $TLT,0,0,1,0.0
1196831128583385089,davidmoadel,2019-11-19,"$JPM JPMorgan shames market bears as ""Armageddonists"" but admits the U.S. is in an earnings recession https://am.jpmorgan.com/gi/getdoc/1383648210719… $SPY $QQQ $DJIA $DIA $GLD $SLV #stockmarket #investing #finance #stocks #gold #silver $TWTR $FB $AAPL $AMZN $TSLA $AMD $INTC $NFLX #economy $TLT",0,0,1,0.0
1196834307454767107,IBD_PKatzeff,2019-11-19,Managers of this JPMorgan mutual fund use psychology to land stocks that enable them to outperform rivals. Read how they do it in my @IBD_PKatzeff report: http://ow.ly/Nn4D50xf65R #mutualfunds #stockmarket #stockmarketoday #stocks $AAPL $FTNT $V $CDW,0,0,3,0.0
1196835381230161927,ConsumerFeed,2019-11-19,JPMorgan Chase & Co. Reaffirms Buy Rating for Apple $AAPL http://zpr.io/tjbFm,0,0,0,0.0
1199708083150348288,TheDomino,2019-11-27,"18 S&P 500 RECORD HIGHS so far today, incl:Microsoft $MSFTJPMorgan Chase $JPM$AONRoss Stores $ROSTIntuitive Surgical $ISRGThermo Fisher Scientific $TMOPaccar $PCARMasco $MASetc@cnbc",2,3,13,0.1
1199904772830171142,stickycactusink,2019-11-28,#JPMorgan $JPM says stocks in South #Korea and #India could ‘surprise’ #investors in 2020https://cnbc.com/2019/11/28/south-korea-india-stocks-could-surprise-investors-in-2020-jpmorgan.html…#investing #investments #stocks #economy #trading #stockmarket #wallstreet $KT $WF $SKM $SHG $PKX $KB $LPL $KEP $EWY $KORU $AAPL $AMZN $FB $GOOG $NFLX $TSLA $WMT,0,1,1,0.0
1201485732382224384,Street_Insider,2019-12-02,Apple $AAPL PT Raised to $296 at JPMorgan on 4 5G iPhone Models in 2020 https://streetinsider.com/Analyst+Comments/Apple+%28AAPL%29+PT+Raised+to+%24296+at+JPMorgan+on+4+5G+iPhone+Models+in+2020/16197189.html…,0,3,6,0.0
1201496826379001856,MarketCurrents,2019-12-02,$AAPL - JPMorgan raises iPhone sales estimates,0,0,1,0.0
1201497595023155200,swingtrading_ct,2019-12-02,$AAPL - JPMorgan raises iPhone sales estimates #swingtrading,0,0,0,0.0
1201497608688164864,charlesparrino1,2019-12-02,$AAPL Apple price target raised to $296 from $290  JPMorgan,0,0,0,0.0
1201499319716777984,StckPro,2019-12-02,$AAPL NEW ARTICLE : JPMorgan raises iPhone sales estimates https://dashboard.stck.pro/news.php?ticker=AAPL&rowid=2142512… Get all the latest $AAPL related news here : https://dashboard.stck.pro/news.php?ticker=AAPL…,0,0,0,0.21212121212121213
1201503355509641216,OpenOutcrier,2019-12-02,$AAPL (+0.2% pre) Apple (AAPL) PT Raised to $296 at JPMorgan on 4 5G iPhone Models in 2020,0,0,2,0.0
1201507696475811841,MagnoliaG2012,2019-12-02,$AAPL - JPMorgan raises iPhone sales estimates,0,0,0,0.0
1201511296870633476,weijgenberger,2019-12-02,$AAPL - JPMorgan raises iPhone sales estimates,0,0,0,0.0
1201547969662603265,OphirGottlieb,2019-12-02,"$AAPL The Ratings Game: Apple will make some big changes with the next iPhone, JPMorgan says http://www0.cmlviz.com/article/AAPL/marketwatch-2019-12-2-the-ratings-game-apple-will-make-some-big-changes-with-the-next-iphone-jpmorgan-says.html…",0,0,3,-0.13333333333333333
1201559166084616192,LindasStocks,2019-12-02,$AAPL - JPMorgan raises iPhone sales estimates https://seekingalpha.com/news/3522886-jpmorgan-raises-iphone-sales-estimates?source=tweet… #jpmorgan #iphones #stocks #investment,0,0,0,0.0
1201568641428459521,MadMraket,2019-12-02,$AAPL Apple  Target Raised by JPMorgan Chase & Co. $264.98 $290.00 ➝ $296.00 Positive ➝ Overweight,0,1,5,0.22727272727272727
1201577847380418560,financialbuzz,2019-12-02,Apple Upgraded on Optimistic Outlook for New iPhone Models#3dSensing #5gNetworks $JPM $AAPL #Apple #iPhone #JPMorgan #PriceTarget #revenue #Saleshttps://financialbuzz.com/apple-upgraded-on-optimistic-outlook-for-new-iphone-models/…,0,0,0,0.13636363636363635
1201583977292877824,jjjinvesting,2019-12-02,"$AAPL - JPMorgan raises iPhone sales estimates https://seekingalpha.com/news/3522886-jpmorgan-raises-iphone-sales-estimates?source=tweet… - 854% profits (1/2 in $$) last 13 years safely - buy #AIM #investing book, get free newsltr & learn how - http://jjjinvesting.com - http://bit.ly/AIM4Millionw - like $AAPL",0,0,0,0.3
1201622414557360128,GutierrezRom,2019-12-02,$AAPL #Apple 1) JPMorgan raises iPhone sales estimates!2) Apple AirPods had strong Black Friday sales!  (Wedbush),0,1,2,0.11249999999999999
1201637221847056385,AutonomousCNS,2019-12-02,Apple's PT raised by JPMorgan Chase & Co. to $296.00. overweight rating. http://marketbeat.com/r/1310484 $AAPL #AAPL via @RatingsNetwork,0,0,0,0.0
1201678698916851712,StckPro,2019-12-03,"$AAPL NEW ARTICLE : Apple expected to launch four 5G iPhones in 2020, JPMorgan says https://dashboard.stck.pro/news.php?ticker=AAPL&rowid=2172131… Get all the latest $AAPL related news here : https://dashboard.stck.pro/news.php?ticker=AAPL…",0,0,0,0.1340909090909091
1201688572182577152,TopStockAlerts1,2019-12-03,Apple $AAPL PT Raised to $296 at JPMorgan on 4 5G iPhone Models in 2020https://streetinsider.com/dr/news.php?id=16197189…,0,0,0,0.0
1202311664764366848,davidmoadel,2019-12-04,Fed’s Quarles agrees with JPMorgan CEO Dimon on cause of repo-market turmo https://marketwatch.com/story/feds-quarles-agrees-with-jpmorgan-ceo-dimon-on-cause-of-repo-market-turmoil-2019-12-04?mod=home-page… $SPY $QQQ $DJIA $DIA $GLD $SLV #stockmarket #investing #finance #stocks #gold #silver $TWTR $FB $AAPL $AMZN $TSLA $AMD $INTC $NFLX #economy $TLT,0,0,0,0.0
1202614927510384640,dividendc2,2019-12-05,"SECTORES - MEJORES COMPAÑÍAS - TOP1Information TechnologyMicrosoft Corp $MSFTConsumer DiscretionaryAmazon .com, Inc. $AMZNFinancialsJPMorgan Chase & Co. $JPMHealth CareJohnson & Johnson $JNJIndustrialsThe Boeing Company $BA",0,6,20,0.0
1202987782328725505,TheDomino,2019-12-06,"25 S&P 500 RECORD HIGHS so far today, incl:Apple $AAPLAlphabet $GOOGLNike $NKEJPMorgan Chase $JPMUS Bancorp $USBHormel $HRLMcCormick $MKC$AONIngersoll-Rand $IRetc@cnbc",1,3,14,0.1
1204044773130219520,InvestorPlace,2019-12-09,"Monday's Vital Data: Bank of America, Apple and JPMorgan Chase $BAC $AAPL $JPM -",0,0,0,0.1
1204061770568085510,TopStockAlerts1,2019-12-09,"Monday’s Vital Data: Bank of America, Apple and JPMorgan Chase$AAPL $BAC $JPM",0,0,0,0.1
1204454086575316995,Q_SentUS,2019-12-10,"... at the largest US banks, something we addressed previously when we discussed how JPMorgan gamed the financial system to trigger ""NOT QE"", and a topic that Bloomberg touches on overnight in ""Repo Firepower Reduced by Falling Cash Levels at Big U.S. Banks.""$SPX #SPY $AAPL",0,0,0,-0.05555555555555555
1205162877969022976,TradeTipsApp,2019-12-12,"The Dow jumped 200+ points as Apple $AAPL, Nike $NKE, Microsoft $MSFT and JPMorgan $JPM all jumped to record intraday levels.Here are the latest moves in the markets:S&P 500: +1.03%, or 32.08 pts $SPYDow: +1.01%, or 281.00 pts $DIANasdaq: +1.00%, or 86.42 pts $QQQ",0,0,3,0.5
1205171910738403333,MarcoDaCostaFX,2019-12-12,#WALLSTREET #Stocks at all-time highs:$AAPL  #Apple $AVGO  Broadcom$MSFT  #Microsoft$NKE  #Nike$SYY  #Sysco$BRK  #Berkshire$JPM  #JPMorgan$AMGN  #Amgen#TradingRebellion ,0,1,1,0.0
1206985869518872582,permabear_uk,2019-12-17,JPMorgan's five internet ideas for 2020$FB $AMZN $PTON $LYFT $SNAP--Yours truly has real issues with the latter trio.,1,1,2,0.1
1210642280970936320,dividendc2,2019-12-27,"MEJORES COMPAÑÍASAmerican Tower Corp (REIT) $AMTApple Inc. $AAPLAT&T Inc. $TNextEra Energy, Inc. $NEEEcolab Inc. $ECLThe Boeing Company $BAAmazon .com, Inc. $AMZNNestle S.A. $NESN.SWMicrosoft Corporation $MSFTJPMorgan Chase & Co. $JPMLinde plc $LINLÍDERES DE MERCADO",1,14,31,0.0
1211557455739719680,dividendhike,2019-12-30,"That should be $MSFT (dividend up 10.9 percent), with other usual suspects as Apple, Exxon, JPMorgan, J&J and Chevron following up. Also a big payer with a big hike was Wells Fargo (18.6 pct dividend hike, paying about $8.7 billion annually). So its tech, oil banks and pharma.",0,0,1,-0.075
1211780517764333568,IBD_MLarkin,2019-12-30,The Top #DowJones Stock Of 2019 Soared Far Above The Year's Other Winners. But was it #Microsoft #Apple #Visa #UnitedTechnologies or #JPMorgan? $MSFT $AAPL $V $UTX $JPM,0,0,1,0.11875
